class name ,con-bounces,contentions,waittime-min,waittime-max,waittime-total,waittime-avg ,acq-bounces,acquisitions,holdtime-min,holdtime-max,holdtime-total, holdtime-avg
&ep->lock-W:,157699,158073,0.06,640.1,77122.03,0.49,3438335,12346213,0.04,175.14,2116412.4,0.17
&ep->lock-R:,40003,40048,0.08,155.7,13338.78,0.33,3441620,3628149,0.08,714.68,10256029.88,2.83
&rq->lock:,10373,10383,0.15,467.76,110612.23,10.65,987273,3071913,0.08,534.79,10951230.14,3.56
slock-AF_INET:,3690,3691,0.16,247.06,28203.72,7.64,3611779,14439640,0.05,137.94,1759287.16,0.12
&u->lock:,288,290,0.11,1.62,121.91,0.42,35047,112609,0.09,46.46,40457.04,0.36
&n->list_lock:,283,283,0.15,10.14,155.57,0.55,145916,391632,0.11,116.32,213595.72,0.55
rcu_node_1:,217,248,0.16,11.6,130.03,0.52,22135,224644,0.09,196.01,54340.42,0.24
&zone->lock:,195,195,0.14,15.39,109.89,0.56,85202,223192,0.11,116.04,98444.45,0.44
&base->lock:,150,150,0.16,1.02,49.46,0.33,12377,4519732,0.1,166.41,1668363.5,0.37
&ei->socket.wq.wait:,119,119,0.15,1.38,53.59,0.45,3646632,10920177,0.08,715.24,13380296.6,1.23
jiffies_lock:,101,104,0.14,12.74,61.67,0.59,6283,21175,0.11,29.2,16676.01,0.79
&lock->lock:,74,76,0.14,52.34,151.8,2,5910,15187,0.1,103.13,23403.58,1.54
rlock-AF_UNIX:,62,62,0.11,0.77,15.07,0.24,34393,45067,0.08,26.42,12031.06,0.27
&dev_priv->cmdbuf_mutex:,37,37,52.41,131.7,3046.35,82.33,3952,7851,0.37,469.7,472146.94,60.14
&p->pi_lock:,35,35,0.53,28,399.32,11.41,15936,595139,0.1,712.63,8040739.82,13.51
&ep->wq:,32,32,0.55,22.14,326.62,10.21,3638,539507,0.15,713.73,8033909.13,14.89
&fman->lock:,30,30,0.35,68.66,213.48,7.12,5886,23127,0.12,118.25,39021.26,1.69
&dev_priv->hw_lock:,28,28,0.29,12.44,129.26,4.62,4766,22979,0.66,250.35,120691.18,5.25
&rcu_state.gp_wq:,15,16,0.23,76.79,89.12,5.57,2883,33919,0.09,113.62,26354.15,0.78
slock-AF_INET/1:,16,16,0.19,23.89,29.48,1.84,3602651,3799061,0.17,812.65,23063465.38,6.07
hrtimer_bases.lock:,15,15,0.16,6.37,12.32,0.82,1351,1841178,0.1,187.61,814817.68,0.44
&retval->lock:,15,15,0.18,1.24,5.72,0.38,5478,18321,0.14,103.04,8810.23,0.48
&futex_queues[i].lock:,13,13,0.2,0.82,5.19,0.4,2669,2969,0.12,133.6,2708.07,0.91
&lock->queue:,9,9,0.18,0.65,3.17,0.35,3821,9218,0.12,68.76,18552.96,2.01
&queue->rskq_lock:,6,6,0.19,0.46,1.81,0.3,1407,1800,0.12,0.99,500.93,0.28
&sighand->siglock:,5,5,0.32,10.19,17.67,3.53,378,15300,0.1,113.38,24759.75,1.62
&ioc->scsi_lookup_lock:,4,4,0.26,7.77,8.66,2.17,58,340,0.09,17.64,118.07,0.35
tasklist_lock-W:,4,4,6.95,58.04,132.61,33.15,16,35,0.42,33.88,188.05,5.37
tasklist_lock-R:,0,0,0,0,0,0,33,100,0.18,76.91,345.8,3.46
vmap_area_lock:,4,4,0.26,2.59,3.97,0.99,113,5295,0.13,64.3,3634.67,0.69
&pool->lock:,3,3,0.47,4.57,8.36,2.79,1670,17304,0.13,101.5,38103.68,2.2
rcu_node_0:,3,3,0.15,0.16,0.47,0.16,2848,32377,0.1,26.93,6487.47,0.2
crtc_ww_class_mutex:,1,2,117.58,187.98,305.56,152.78,1350,5658,0.5,5010.11,104064.2,18.39
&man->lock:,2,2,18.76,18.83,37.59,18.8,4447,11058,0.31,263.41,134747.38,12.19
&glob->lru_lock:,1,1,4.43,4.43,4.43,4.43,4440,6647,0.1,23.42,2108.74,0.32
&tcp_hashinfo.bhash[i].lock:,1,1,0.66,0.66,0.66,0.66,1898,4753,0.14,37.92,2134.1,0.45
purge_vmap_area_lock:,1,1,1.78,1.78,1.78,1.78,109,1063,0.29,5.35,2366.63,2.23
&mm->mmap_lock#2-W:,0,1,1.04,1.04,1.04,1.04,21,1021,0.15,774.43,9090.08,8.9
&mm->mmap_lock#2-R:,0,0,0,0,0,0,80,6111,0.11,57.06,25181.25,4.12
&pool->lock/1:,1,1,9.13,9.13,9.13,9.13,1362,17197,0.12,141.01,13213.82,0.77
&tty->ctrl_lock:,1,1,0.23,0.23,0.23,0.23,5,26,0.13,2.11,13.6,0.52
&ioc->FreeQlock:,1,1,0.27,0.27,0.27,0.27,54,380,0.1,1.46,104.24,0.27
&fs->lock:,1,1,0.24,0.24,0.24,0.24,17,24,0.1,1.79,18.54,0.77
pcpu_lock:,0,0,0,0,0,0,0,7,0.38,2.92,8.19,1.17
pgd_lock:,0,0,0,0,0,0,9,12,0.44,1.71,11.18,0.93
batched_entropy_u64.lock:,0,0,0,0,0,0,0,527,0.12,3.63,152.4,0.29
cpu_hotplug_lock-R:,0,0,0,0,0,0,0,99,0.69,75.2,2215.87,22.38
mount_lock.seqcount-R:,0,0,0,0,0,0,0,601,0.06,0.5,51.32,0.09
resource_lock-R:,0,0,0,0,0,0,4,2154,0.16,29.03,485.98,0.23
free_vmap_area_lock:,0,0,0,0,0,0,101,1053,0.29,22.5,3675.13,3.49
&irq_desc_lock_class:,0,0,0,0,0,0,155,9234,0.13,112.33,9808.62,1.06
&cpuset_rwsem-R:,0,0,0,0,0,0,0,1,2.22,2.22,2.22,2.22
&sbinfo->stat_lock:,0,0,0,0,0,0,1,2,0.23,0.6,0.83,0.42
input_pool.lock:,0,0,0,0,0,0,35,2019,0.18,3,1264.75,0.63
console_lock:,0,0,0,0,0,0,0,8,2.47,4.48,26.5,3.31
&wq->mutex:,0,0,0,0,0,0,0,2,40.04,76.38,116.42,58.21
rcu_read_lock-R:,0,0,0,0,0,0,0,133643430,0.06,3980.64,131158389.2,0.98
sysctl_lock:,0,0,0,0,0,0,1,11,0.11,0.54,2.12,0.19
lock#2:,0,0,0,0,0,0,0,3875,0.56,95.64,9784.37,2.52
aa_buffers_lock:,0,0,0,0,0,0,2,4,0.15,1.35,2.34,0.59
kernfs_idr_lock:,0,0,0,0,0,0,0,20,0.16,1.4,7.95,0.4
kernfs_mutex:,0,0,0,0,0,0,6,4119,0.12,15.35,872.2,0.21
&sb->s_type->i_lock_key:,0,0,0,0,0,0,3,10,0.18,11.27,14.9,1.49
&s->s_inode_list_lock:,0,0,0,0,0,0,18,129,0.11,4.28,44.66,0.35
&dentry->d_lock:,0,0,0,0,0,0,2796,24982,0.08,24.73,5489.21,0.22
ucounts_lock:,0,0,0,0,0,0,0,1,0.83,0.83,0.83,0.83
&new_ns->poll:,0,0,0,0,0,0,1,2,0.25,1.22,1.47,0.74
init_fs.lock:,0,0,0,0,0,0,1,1,0.83,0.83,0.83,0.83
init_fs.seq.seqcount-R:,0,0,0,0,0,0,0,2,0.59,0.69,1.28,0.64
&sb->s_type->i_lock_key#3:,0,0,0,0,0,0,85,92,0.14,1.12,25.71,0.28
proc_subdir_lock-R:,0,0,0,0,0,0,1,4,0.88,1.72,4.74,1.19
cgroup_file_kn_lock:,0,0,0,0,0,0,2,4,0.17,6.75,7.39,1.85
css_set_lock:,0,0,0,0,0,0,29,105,0.14,100.74,279.39,2.66
krc.lock:,0,0,0,0,0,0,0,14073,0.11,42.93,8460.04,0.6
"&per_cpu_ptr(group->pcpu, cpu)->seq-W:",0,0,0,0,0,0,0,5285400,0.08,167.51,879197.33,0.17
"&per_cpu_ptr(group->pcpu, cpu)->seq-R:",0,0,0,0,0,0,0,124032,0.07,21.13,36367,0.29
&p->alloc_lock:,0,0,0,0,0,0,180,3711,0.12,15.25,1514.05,0.41
fs_reclaim:,0,0,0,0,0,0,0,18269515,0.17,4046.93,4363989.76,0.24
mmu_notifier_invalidate_range_start:,0,0,0,0,0,0,0,18272179,0.06,951.26,1633124.92,0.09
&x->wait:,0,0,0,0,0,0,1,1,0.7,0.7,0.7,0.7
wq_pool_attach_mutex:,0,0,0,0,0,0,1,2,0.33,0.49,0.82,0.41
&xa->xa_lock:,0,0,0,0,0,0,0,1,1.46,1.46,1.46,1.46
(wq_completion)events:,0,0,0,0,0,0,0,4851,0.74,757.21,108222.8,22.31
&crng->lock:,0,0,0,0,0,0,5503,8378,0.17,49.22,13844.68,1.65
&tsk->futex_exit_mutex:,0,0,0,0,0,0,13,15,1.01,2.74,28.28,1.89
rcu_state.ofl_lock:,0,0,0,0,0,0,156,38360,0.29,114.27,15736.48,0.41
&stop_pi_lock:,0,0,0,0,0,0,0,126,2.05,19.01,487.64,3.87
&stopper->lock:,0,0,0,0,0,0,0,630,0.1,1.43,155.68,0.25
&x->wait#4:,0,0,0,0,0,0,0,252,0.14,1.39,89.77,0.36
&newf->file_lock:,0,0,0,0,0,0,192,7070,0.12,48.29,2507.11,0.35
(&timer.timer):,0,0,0,0,0,0,0,21664,0.06,40.22,54922.84,2.54
rcu_callback-R:,0,0,0,0,0,0,0,3610646,0.3,208.94,2004861.31,0.56
&rt_b->rt_runtime_lock:,0,0,0,0,0,0,26,1420,0.32,10.84,1144.69,0.81
&rt_rq->rt_runtime_lock:,0,0,0,0,0,0,35,1926,0.11,1.35,896.58,0.47
&cfs_rq->removed.lock:,0,0,0,0,0,0,1830,3176,0.12,12.67,1704.94,0.54
namespace_sem-R:,0,0,0,0,0,0,3,36,0.39,61.69,891.62,24.77
&____s->seqcount#2-R:,0,0,0,0,0,0,0,2309,0.06,1.3,641.8,0.28
rename_lock:,0,0,0,0,0,0,3,4,3.86,5.37,19.3,4.83
rename_lock.seqcount-W:,0,0,0,0,0,0,0,4,3.51,4.89,17.58,4.4
rename_lock.seqcount-R:,0,0,0,0,0,0,0,792,0.06,0.93,95.89,0.12
&____s->seqcount#3-W:,0,0,0,0,0,0,0,4,0.69,1.43,4.26,1.07
&____s->seqcount#3-R:,0,0,0,0,0,0,0,1652,0.06,1.33,600.88,0.36
&sb->s_type->i_lock_key#1:,0,0,0,0,0,0,4,16,0.07,2.29,9.5,0.59
&dev->power.lock:,0,0,0,0,0,0,0,2963,0.16,9.4,896.46,0.3
&k->k_lock:,0,0,0,0,0,0,4,240,0.12,1.35,56.07,0.23
rtnl_mutex:,0,0,0,0,0,0,2,29,0.14,121.08,630.58,21.74
&(({ do { const void *__vpp_verify = :,0,0,0,0,0,0,0,366,1.14,28.15,2032.11,5.55
(wq_completion)rcu_gp:,0,0,0,0,0,0,0,4,4.97,28.55,56.31,14.08
&x->wait#9:,0,0,0,0,0,0,4,8,0.14,22.1,43.35,5.42
(work_completion)(&barr->work):,0,0,0,0,0,0,0,2,20.86,23.26,44.12,22.06
binfmt_lock-R:,0,0,0,0,0,0,2,6,0.18,0.69,2.39,0.4
cgroup_threadgroup_rwsem-R:,0,0,0,0,0,0,0,18,0.17,16.57,71.45,3.97
pidmap_lock:,0,0,0,0,0,0,14,23,0.33,13.77,37.7,1.64
led_lock:,0,0,0,0,0,0,0,8,0.33,1,4.03,0.5
kbd_event_lock:,0,0,0,0,0,0,0,24,0.14,2.9,21.7,0.9
(work_completion)(&sdp->work):,0,0,0,0,0,0,0,2,4.8,5.9,10.7,5.35
jiffies_seq.seqcount-W:,0,0,0,0,0,0,0,21070,0.13,28.32,4581.81,0.22
jiffies_seq.seqcount-R:,0,0,0,0,0,0,0,556438,0.06,43,86830.29,0.16
&sb->s_type->i_lock_key#8:,0,0,0,0,0,0,1476,14134,0.07,56.98,3011.86,0.21
nl_table_lock-W:,0,0,0,0,0,0,0,4,0.42,0.48,1.83,0.46
nl_table_lock-R:,0,0,0,0,0,0,1,13,0.13,1.13,5.09,0.39
nl_table_wait.lock:,0,0,0,0,0,0,1,17,0.12,0.92,6.22,0.37
rhashtable_bucket:,0,0,0,0,0,0,0,8,0.34,1.03,4.6,0.58
&pgdat->kcompactd_wait:,0,0,0,0,0,0,30,498,0.1,1.2,138.26,0.28
&child->perf_event_mutex:,0,0,0,0,0,0,11,13,0.22,0.88,5.02,0.39
&pid->wait_pidfd:,0,0,0,0,0,0,5,5,0.32,0.52,2.04,0.41
&sig->wait_chldexit:,0,0,0,0,0,0,24,190,0.11,26.19,120.53,0.63
&(&sig->stats_lock)->lock:,0,0,0,0,0,0,11,17,0.86,3.76,42.33,2.49
&____s->seqcount#4-W:,0,0,0,0,0,0,0,17,0.26,2.72,29.87,1.76
&____s->seqcount#4-R:,0,0,0,0,0,0,0,8411,0.06,1.31,1428.36,0.17
(work_completion)(&p->wq):,0,0,0,0,0,0,0,9,9.09,74.19,168.48,18.72
major_names_lock:,0,0,0,0,0,0,1,1024,0.13,0.86,169.13,0.17
mm/vmstat.c:1970:,0,0,0,0,0,0,0,83,1.6,20.74,413.53,4.98
(shepherd).work:,0,0,0,0,0,0,0,83,3.02,78.35,2378.61,28.66
(wq_completion)mm_percpu_wq:,0,0,0,0,0,0,0,507,1.52,22.39,1829.18,3.61
(work_completion)(&(({ do { const voi:,0,0,0,0,0,0,0,507,1.14,21.15,1465.81,2.89
&sb->s_type->i_mutex_key#9-R:,0,0,0,0,0,0,4,16,7.18,20.91,165.84,10.37
sb_writers#4-R:,0,0,0,0,0,0,0,1,14196.16,14196.16,14196.16,14196.16
reservation_ww_class_acquire:,0,0,0,0,0,0,0,5581,6.64,446.32,328309.54,58.83
reservation_ww_class_mutex:,0,0,0,0,0,0,3371,18714,0.47,383.77,313486.94,16.75
&mapping->i_mmap_rwsem-W:,0,0,0,0,0,0,172,1040,0.12,14.4,490.18,0.47
&mapping->i_mmap_rwsem-R:,0,0,0,0,0,0,1,60,0.64,4.7,73.63,1.23
dma_fence_map:,0,0,0,0,0,0,0,801,0.16,2.24,482.84,0.6
delayed_uprobe_lock:,0,0,0,0,0,0,4,6,0.4,0.52,2.91,0.49
task_group_lock:,0,0,0,0,0,0,0,1,0.66,0.66,0.66,0.66
&nlk->wait:,0,0,0,0,0,0,0,24,0.12,0.61,5.72,0.24
&trig->leddev_list_lock-R:,0,0,0,0,0,0,0,126,0.15,1.42,55.54,0.44
&sb->s_type->i_lock_key#1:,0,0,0,0,0,0,2,32,0.08,1.67,11.9,0.37
&tbl->lock:,0,0,0,0,0,0,8,10,1.03,3.1,21.11,2.11
(wq_completion)events_power_efficient:,0,0,0,0,0,0,0,11,1.64,61.5,103.92,9.45
(check_lifetime_work).work:,0,0,0,0,0,0,0,1,60.06,60.06,60.06,60.06
&(&krcp->monitor_work)->timer:,0,0,0,0,0,0,0,1352,1.28,28.61,10068.42,7.45
(work_completion)(&(&krcp->monitor_wo:,0,0,0,0,0,0,0,1352,0.76,11.96,2247.62,1.66
&wq#2:,0,0,0,0,0,0,0,24,0.18,1.22,9.98,0.42
&xa->xa_lock#3:,0,0,0,0,0,0,1908,3126,0.1,23.55,1107.8,0.35
lock#5:,0,0,0,0,0,0,0,2853,0.09,34.95,2095.96,0.73
&lruvec->lru_lock:,0,0,0,0,0,0,166,701,0.18,26.78,1327.01,1.89
(work_completion)(&(&krcp->krw_arr[i]:,0,0,0,0,0,0,0,1248,1.35,29.24,6610.53,5.3
key:,0,0,0,0,0,0,17,28,0.22,1.1,14.25,0.51
&(&group->avgs_work)->timer:,0,0,0,0,0,0,0,969,0.81,30.25,6942.19,7.16
(work_completion)(&(&group->avgs_work:,0,0,0,0,0,0,0,969,39.96,104.05,60387.39,62.32
&group->avgs_lock:,0,0,0,0,0,0,183,969,39.38,102.92,59559.15,61.46
(bios_check_work).work:,0,0,0,0,0,0,0,2,7.78,8.38,16.16,8.08
batched_entropy_u32.lock:,0,0,0,0,0,0,0,132937,0.11,79.88,48859.44,0.37
ptlock_ptr(page)#2:,0,0,0,0,0,0,417,8744,0.13,408.47,14020.18,1.6
ptlock_ptr(page):,0,0,0,0,0,0,7,79,0.13,1.26,18.59,0.24
&mm->page_table_lock:,0,0,0,0,0,0,7,145,0.14,1.69,38.55,0.27
&net->ipv6.fib6_walker_lock:,0,0,0,0,0,0,1,24,0.13,0.59,4.71,0.2
"&ACCESS_PRIVATE(sdp, lock):",0,0,0,0,0,0,0,10,0.22,1.31,4.76,0.48
"&ACCESS_PRIVATE(snp, lock):",0,0,0,0,0,0,18,22,0.13,0.67,4.78,0.22
(work_completion)(&(&ssp->work)->work:,0,0,0,0,0,0,0,2,16.38,27.91,44.29,22.15
&ssp->srcu_gp_mutex:,0,0,0,0,0,0,2,2,10.94,20.57,31.51,15.76
&ssp->srcu_cb_mutex:,0,0,0,0,0,0,2,2,4.06,4.72,8.78,4.39
&type->i_mutex_dir_key#1-W:,0,0,0,0,0,0,0,1,37.29,37.29,37.29,37.29
&type->i_mutex_dir_key#1-R:,0,0,0,0,0,0,1,14,1.13,9.9,64.73,4.62
&x->wait#1:,0,0,0,0,0,0,0,6,0.19,3.82,8.35,1.39
&ws->lock:,0,0,0,0,0,0,0,20,0.83,2.82,29.12,1.46
(wq_completion)events_unbound:,0,0,0,0,0,0,0,369,3.35,74.69,11299.93,30.62
&journal->j_wait_updates:,0,0,0,0,0,0,24,91,0.17,1.11,31.77,0.35
percpu_ref_switch_lock:,0,0,0,0,0,0,0,8,0.19,1.62,5.03,0.63
inode_hash_lock:,0,0,0,0,0,0,7,65,0.22,1.67,41.45,0.64
&host->lock:,0,0,0,0,0,0,66,84,5.8,77.49,2933.65,34.92
&dev->event_lock:,0,0,0,0,0,0,540,1135,1.05,33.83,3771.21,3.32
&ehci->lock:,0,0,0,0,0,0,0,93,1.03,10.96,177.35,1.91
&uhci->lock:,0,0,0,0,0,0,0,341,54.95,105.71,21310.52,62.49
i8042_lock:,0,0,0,0,0,0,10,2963,9.15,311.46,36128.37,12.19
&ent->pde_unload_lock:,0,0,0,0,0,0,40,278,0.11,1.87,55.51,0.2
&serio->lock:,0,0,0,0,0,0,0,2963,0.67,195.48,63147.49,21.31
&ndev->lock-R:,0,0,0,0,0,0,2,16,0.16,1.09,10.6,0.66
(wq_completion)ipv6_addrconf:,0,0,0,0,0,0,0,1,10.29,10.29,10.29,10.29
(addr_chk_work).work:,0,0,0,0,0,0,0,1,9.02,9.02,9.02,9.02
rcu_read_lock_bh-R:,0,0,0,0,0,0,0,7601738,0.61,290.04,10472642.16,1.38
&anon_vma->rwsem:,0,0,0,0,0,0,311,2246,0.11,36.85,1356.52,0.6
&sig->cred_guard_mutex:,0,0,0,0,0,0,2,2,348.8,399.7,748.5,374.25
&sig->exec_update_lock-W:,0,0,0,0,0,0,2,2,282.08,331.51,613.59,306.79
&sig->exec_update_lock-R:,0,0,0,0,0,0,2,2,0.71,0.79,1.5,0.75
ptlock_ptr(page)#2/1:,0,0,0,0,0,0,38,154,0.16,34.21,333.28,2.16
&memcg->move_lock:,0,0,0,0,0,0,0,17940,0.07,15.21,1802.2,0.1
rcu_read_lock_sched-R:,0,0,0,0,0,0,0,2952,0.09,12.03,572.7,0.19
uts_sem-R:,0,0,0,0,0,0,1,4,0.23,0.86,2.19,0.55
&dentry->d_lock/1:,0,0,0,0,0,0,9,69,0.35,2.74,39.61,0.57
&fsnotify_mark_srcu-R:,0,0,0,0,0,0,0,2470,0.07,72.16,447.57,0.18
&prev->lock:,0,0,0,0,0,0,330,8411,0.09,12.93,1666.85,0.2
swap_lock:,0,0,0,0,0,0,4,4,0.7,0.89,3.08,0.77
&tty->read_wait:,0,0,0,0,0,0,1063,17217,0.1,97.36,12191.81,0.71
&tty->write_wait:,0,0,0,0,0,0,1141,16143,0.09,26.77,3461.45,0.21
&tty->ldisc_sem-R:,0,0,0,0,0,0,1314,17329,0.18,529.74,59220.03,3.42
&tty->termios_rwsem-R:,0,0,0,0,0,0,709,2158,0.15,55.9,10901.05,5.05
lib/random32.c:495:,0,0,0,0,0,0,0,2,121.55,124.55,246.1,123.05
(&hcd->rh_timer):,0,0,0,0,0,0,0,341,57.41,108.28,22476.02,65.91
&mm->context.lock:,0,0,0,0,0,0,3,4,0.46,0.88,2.38,0.6
&sb->s_type->i_lock_key#2:,0,0,0,0,0,0,15,301,0.07,2.14,66.93,0.22
&pipe->mutex/1:,0,0,0,0,0,0,2186,1645042,0.13,91.67,358997.94,0.22
&pipe->rd_wait:,0,0,0,0,0,0,2128,6679,0.11,73.34,21034.86,3.15
&pid->lock:,0,0,0,0,0,0,7,15,0.11,1.22,6.72,0.45
&lru->node[i].lock:,0,0,0,0,0,0,11,106,0.15,18.33,59.61,0.56
&p->lock:,0,0,0,0,0,0,0,1305,0.17,368.58,27898.74,21.38
sb_writers#3-R:,0,0,0,0,0,0,0,1977,0.63,14.08,3407.42,1.72
&pipe->wr_wait:,0,0,0,0,0,0,2,4,0.33,0.6,1.74,0.44
sb_writers#5-R:,0,0,0,0,0,0,0,3,2.44,36.59,61.57,20.52
&type->i_mutex_dir_key#3/1:,0,0,0,0,0,0,2,2,12.18,18.75,30.93,15.47
&type->i_mutex_dir_key#4-R:,0,0,0,0,0,0,17,95,2.56,19.27,786.87,8.28
&type->i_mutex_dir_key#5-R:,0,0,0,0,0,0,7,28,3,10.89,148.15,5.29
kernfs_open_file_mutex:,0,0,0,0,0,0,2,43,0.35,1.76,26.78,0.62
kernfs_open_node_lock:,0,0,0,0,0,0,3,55,0.12,0.64,12.22,0.22
&of->mutex:,0,0,0,0,0,0,0,13,0.41,3.85,29.64,2.28
&tsk->delays->lock:,0,0,0,0,0,0,166,924,0.19,15.42,617.35,0.67
&mm->arg_lock:,0,0,0,0,0,0,2,3,0.13,0.48,0.93,0.31
unix_table_lock:,0,0,0,0,0,0,8,84,0.12,2.17,24.69,0.29
slock-AF_UNIX:,0,0,0,0,0,0,0,4,0.11,0.33,0.85,0.21
sk_lock-AF_UNIX:,0,0,0,0,0,0,0,2,1.79,1.9,3.69,1.85
slock-AF_NETLINK:,0,0,0,0,0,0,0,8,0.1,0.27,1.31,0.16
sk_lock-AF_NETLINK:,0,0,0,0,0,0,0,4,1.68,2.5,8.05,2.01
&ep->mtx:,0,0,0,0,0,0,897,11290276,0.18,4053.38,31374438.91,2.78
epmutex:,0,0,0,0,0,0,1,1,0.86,0.86,0.86,0.86
&f->f_lock:,0,0,0,0,0,0,21880,7205369,0.1,3686.48,1043973.65,0.14
&sighand->signalfd_wqh:,0,0,0,0,0,0,1,1,22.93,22.93,22.93,22.93
&group->notification_waitq:,0,0,0,0,0,0,55,467,0.09,24.49,198.23,0.42
&group->notification_lock:,0,0,0,0,0,0,56,459,0.1,1.47,195.41,0.43
&wb->list_lock:,0,0,0,0,0,0,22,63,0.42,17.7,109.81,1.74
rlock-AF_NETLINK:,0,0,0,0,0,0,0,44,0.11,1.05,11.96,0.27
&ctx->cancel_lock:,0,0,0,0,0,0,8,16,0.29,1.4,12.11,0.76
&sb->s_type->i_mutex_key#1:,0,0,0,0,0,0,2,2,1.82,3.02,4.84,2.42
&ctx->wqh:,0,0,0,0,0,0,498,34163,0.09,29.06,6387.64,0.19
&u->iolock:,0,0,0,0,0,0,1210,67623,0.28,126.06,159254.03,2.36
&info->lock:,0,0,0,0,0,0,1,1,1.14,1.14,1.14,1.14
&lock->wait_lock:,0,0,0,0,0,0,116,135,0.43,2.11,117.69,0.87
&dentry->d_lock/2:,0,0,0,0,0,0,0,4,0.46,1.12,2.65,0.66
&dentry->d_lock/3:,0,0,0,0,0,0,0,4,0.18,0.27,0.92,0.23
&____s->seqcount#3/1:,0,0,0,0,0,0,0,4,0.35,0.82,2.13,0.53
net/ipv4/devinet.c:470:,0,0,0,0,0,0,0,1,19.91,19.91,19.91,19.91
file_rwsem-R:,0,0,0,0,0,0,0,22,0.3,4.1,18.84,0.86
&ctx->flc_lock:,0,0,0,0,0,0,2,26,0.12,3.16,13.72,0.53
&fll->lock:,0,0,0,0,0,0,1,12,0.14,0.51,2.72,0.23
&u->peer_wait:,0,0,0,0,0,0,6,46,0.13,0.86,9.95,0.22
clock-AF_UNIX:,0,0,0,0,0,0,3,42,0.13,1.05,10.55,0.25
&sb->s_type->i_mutex_key#1:,0,0,0,0,0,0,1476,2357,0.13,99.71,42266.98,17.93
&group->inotify_data.idr_lock:,0,0,0,0,0,0,0,2,0.25,0.89,1.14,0.57
&mark->lock:,0,0,0,0,0,0,1,2,0.24,0.87,1.11,0.56
&conn->lock:,0,0,0,0,0,0,1,1,0.52,0.52,0.52,0.52
&ioc->taskmgmt_lock:,0,0,0,0,0,0,0,82,0.95,2.89,122.89,1.5
&hctx->lock:,0,0,0,0,0,0,35,84,0.24,1.05,36.41,0.43
&x->wait#2:,0,0,0,0,0,0,64,117,0.28,23.25,637.54,5.45
(wq_completion)kblockd:,0,0,0,0,0,0,0,38,3.83,627.88,5417.51,142.57
(work_completion)(&q->timeout_work):,0,0,0,0,0,0,0,17,3.11,4.72,63.24,3.72
e1000_phy_lock:,0,0,0,0,0,0,0,84,67.31,106.05,5825.26,69.35
devnet_rename_sem-R:,0,0,0,0,0,0,1,16,0.28,1.04,6.74,0.42
kernfs_rename_lock:,0,0,0,0,0,0,7,81,0.13,3.14,32.33,0.4
(&q->timeout):,0,0,0,0,0,0,0,17,6.66,31.7,182.21,10.72
&ev->lock:,0,0,0,0,0,0,33,42,1.84,3.93,101.02,2.41
(wq_completion)events_freezable_power:,0,0,0,0,0,0,0,42,99.43,202.8,6523.1,155.31
(work_completion)(&(&ev->dwork)->work:,0,0,0,0,0,0,0,42,98.15,202.17,6490.1,154.53
sr_ref_mutex:,0,0,0,0,0,0,38,84,0.56,2.67,123.04,1.46
percpu_ref_switch_waitq.lock:,0,0,0,0,0,0,0,4,0.26,0.9,2.15,0.54
&mapping->private_lock:,0,0,0,0,0,0,31,311,0.12,18.89,174.14,0.56
&dd->lock:,0,0,0,0,0,0,14,379,0.17,2.36,139,0.37
&page_wait_table[i]:,0,0,0,0,0,0,2,8,0.57,32.04,93.66,11.71
(work_completion)(&(&hctx->run_work)-:,0,0,0,0,0,0,0,21,32.84,627.09,5327.93,253.71
&ret->b_uptodate_lock:,0,0,0,0,0,0,68,245,0.12,11.84,81.55,0.33
&group->mark_mutex/1:,0,0,0,0,0,0,0,1,1.71,1.71,1.71,1.71
destroy_lock:,0,0,0,0,0,0,3,4,0.31,0.62,1.76,0.44
fs/notify/mark.c:89:,0,0,0,0,0,0,0,1,8.19,8.19,8.19,8.19
(reaper_work).work:,0,0,0,0,0,0,0,1,47.1,47.1,47.1,47.1
connector_reaper_work:,0,0,0,0,0,0,0,1,74.02,74.02,74.02,74.02
"&ACCESS_PRIVATE(ssp, lock):",0,0,0,0,0,0,2,10,0.14,21.88,32.78,3.28
clock-AF_NETLINK:,0,0,0,0,0,0,0,4,0.19,0.56,1.48,0.37
wlock-AF_NETLINK:,0,0,0,0,0,0,0,4,0.3,0.41,1.36,0.34
&ioc->lock:,0,0,0,0,0,0,5,18,0.13,0.75,6.06,0.34
&new_ns->ns_lock:,0,0,0,0,0,0,3,332,0.14,1.07,74.06,0.22
&wb->work_lock:,0,0,0,0,0,0,13,34,0.46,2.34,38.28,1.13
&s->s_inode_wblist_lock:,0,0,0,0,0,0,22,44,0.21,1.38,22.12,0.5
&tty->atomic_write_lock:,0,0,0,0,0,0,0,364,15.15,527.67,11536.92,31.69
&ldata->output_lock:,0,0,0,0,0,0,256,385,0.3,522.82,9626.06,25
&f->f_pos_lock:,0,0,0,0,0,0,2,1246,0.15,369.7,28957.72,23.24
bit_wait_table + i:,0,0,0,0,0,0,14,38,0.25,19.33,177.73,4.68
&bgl->locks[i].lock:,0,0,0,0,0,0,0,43,0.13,3.79,61.92,1.44
&sb->s_type->i_lock_key#2:,0,0,0,0,0,0,30,259,0.09,11.98,90.72,0.35
&ei->i_es_lock-W:,0,0,0,0,0,0,6,83,0.17,12.51,87.07,1.05
&ei->i_es_lock-R:,0,0,0,0,0,0,32,190,0.11,2.17,69.64,0.37
&ei->i_data_sem-W:,0,0,0,0,0,0,31,74,0.15,55.47,704.45,9.52
&ei->i_data_sem-R:,0,0,0,0,0,0,3,17,1.07,8.96,67.88,3.99
&sbi->s_es_lock:,0,0,0,0,0,0,6,15,0.15,1.25,6.9,0.46
&journal->j_state_lock-W:,0,0,0,0,0,0,9,202,0.11,22.49,212.72,1.05
&journal->j_state_lock-R:,0,0,0,0,0,0,29,234,0.11,42.36,116.03,0.5
&journal->j_wait_done_commit:,0,0,0,0,0,0,17,33,0.12,16.27,88.19,2.67
&journal->j_wait_commit:,0,0,0,0,0,0,11,23,0.18,21.5,107.86,4.69
&type->i_mutex_dir_key#6-W:,0,0,0,0,0,0,11,15,1.14,78.09,348.8,23.25
&type->i_mutex_dir_key#6-R:,0,0,0,0,0,0,1,3,0.46,42.64,50.01,16.67
chrdevs_lock:,0,0,0,0,0,0,1,1024,0.13,1.74,185.16,0.18
&mm->mmap_lock/1:,0,0,0,0,0,0,0,4,241.42,772.7,1972.54,493.13
&sb->s_type->i_lock_key#2:,0,0,0,0,0,0,4,115,0.08,1.57,29.33,0.26
&sb->s_type->i_lock_key#2:,0,0,0,0,0,0,2,37,0.08,0.96,10.02,0.27
&(&ioc->fault_reset_work)->timer:,0,0,0,0,0,0,0,82,5.52,16.93,678.83,8.28
(wq_completion)mpt_poll_0:,0,0,0,0,0,0,0,82,5.24,12.97,559.84,6.83
(work_completion)(&(&ioc->fault_reset:,0,0,0,0,0,0,0,82,4.66,10.78,508.58,6.2
&buf->lock:,0,0,0,0,0,0,96,361,2.59,58.85,10311.7,28.56
sb_writers#8-R:,0,0,0,0,0,0,0,50,1.45,262.86,2096.35,41.93
&tb->tb6_lock:,0,0,0,0,0,0,2,26,0.15,1.41,10.63,0.41
sb_writers#9-R:,0,0,0,0,0,0,0,7,0.41,119.55,122.96,17.57
&type->i_mutex_dir_key#7/1:,0,0,0,0,0,0,0,1,118.8,118.8,118.8,118.8
sb_writers#1-R:,0,0,0,0,0,0,0,5,0.39,46.59,58.86,11.77
&type->i_mutex_dir_key#8/1:,0,0,0,0,0,0,0,3,3.99,46.14,54.85,18.28
&type->i_mutex_dir_key#9-W:,0,0,0,0,0,0,0,1,108.92,108.92,108.92,108.92
&type->i_mutex_dir_key#9-R:,0,0,0,0,0,0,1,22,0.59,12.06,134.38,6.11
kn->active#1-W:,0,0,0,0,0,0,1,1,0.25,0.25,0.25,0.25
kn->active#1-R:,0,0,0,0,0,0,0,8,1.35,4.93,23.32,2.92
kernfs_notify_lock:,0,0,0,0,0,0,1,3,0.18,4.84,5.37,1.79
"per_cpu_ptr(&cgroup_rstat_cpu_lock, c:",0,0,0,0,0,0,0,256,0.3,1.58,136.49,0.53
kernfs_notify_work:,0,0,0,0,0,0,0,1,14.91,14.91,14.91,14.91
tk_core.seq.seqcount-W:,0,0,0,0,0,0,0,20275,0.28,15.23,12916.7,0.64
tk_core.seq.seqcount-R:,0,0,0,0,0,0,0,16209747,0.05,123.75,1573434.41,0.1
kn->active#1:,0,0,0,0,0,0,1,1,0.31,0.31,0.31,0.31
cancel_lock:,0,0,0,0,0,0,2,10,0.13,0.84,4.17,0.42
release_agent_path_lock:,0,0,0,0,0,0,3,60,0.15,0.76,12.85,0.21
&type->i_mutex_dir_key#6/1:,0,0,0,0,0,0,2,6,25.98,137.4,393.87,65.64
&ep->mtx/1:,0,0,0,0,0,0,48,1974,0.88,18.22,3363.5,1.7
&ep->poll_wait/1:,0,0,0,0,0,0,10,994,0.65,145.32,18672.81,18.79
&sb->s_type->i_mutex_key#1:,0,0,0,0,0,0,13,32,7.36,261.66,1335.1,41.72
(&cfile->notify_timer):,0,0,0,0,0,0,0,2,0.15,0.38,0.53,0.27
kn->active#1-W:,0,0,0,0,0,0,1,1,0.42,0.42,0.42,0.42
kn->active#1-R:,0,0,0,0,0,0,0,3,0.17,6.35,8.8,2.93
kn->active#1:,0,0,0,0,0,0,1,1,0.43,0.43,0.43,0.43
kn->active#1-W:,0,0,0,0,0,0,1,1,0.33,0.33,0.33,0.33
kn->active#1-R:,0,0,0,0,0,0,0,4,1.41,4.89,11.75,2.94
kn->active#1:,0,0,0,0,0,0,1,1,0.34,0.34,0.34,0.34
kn->active#1:,0,0,0,0,0,0,1,1,0.54,0.54,0.54,0.54
kn->active#1:,0,0,0,0,0,0,1,1,0.25,0.25,0.25,0.25
kn->active#1:,0,0,0,0,0,0,1,1,0.31,0.31,0.31,0.31
kn->active#1:,0,0,0,0,0,0,1,1,0.21,0.21,0.21,0.21
kn->active#1:,0,0,0,0,0,0,1,1,0.52,0.52,0.52,0.52
kn->active#1:,0,0,0,0,0,0,1,1,0.27,0.27,0.27,0.27
kn->active#1:,0,0,0,0,0,0,1,1,0.41,0.41,0.41,0.41
kn->active#1:,0,0,0,0,0,0,1,1,0.27,0.27,0.27,0.27
kn->active#1:,0,0,0,0,0,0,1,1,0.3,0.3,0.3,0.3
&root->deactivate_waitq:,0,0,0,0,0,0,0,2,0.21,0.34,0.55,0.28
kn->active#1:,0,0,0,0,0,0,1,1,0.45,0.45,0.45,0.45
kn->active#1:,0,0,0,0,0,0,1,1,0.26,0.26,0.26,0.26
kn->active#1:,0,0,0,0,0,0,1,1,0.35,0.35,0.35,0.35
&type->s_umount_key#3-R:,0,0,0,0,0,0,0,5,5.73,3768.59,3956.8,791.36
key#8:,0,0,0,0,0,0,5,5,0.6,1.36,4.59,0.92
key#9:,0,0,0,0,0,0,4,10,0.21,1.24,7.35,0.74
key#1:,0,0,0,0,0,0,4,9,0.16,0.83,2.85,0.32
key#1:,0,0,0,0,0,0,4,10,0.15,0.55,3.52,0.35
sb_internal-R:,0,0,0,0,0,0,0,5,20.04,50.13,184.09,36.82
jbd2_handle-W:,0,0,0,0,0,0,0,5,0.18,0.41,1.42,0.28
jbd2_handle-R:,0,0,0,0,0,0,0,92,1.84,232.16,1954.52,21.24
&ret->b_state_lock:,0,0,0,0,0,0,112,403,0.32,9.5,363.2,0.9
&journal->j_list_lock:,0,0,0,0,0,0,22,470,0.09,26.95,172.63,0.37
&journal->j_revoke_lock:,0,0,0,0,0,0,0,1,0.41,0.41,0.41,0.41
&sbi->s_fc_lock:,0,0,0,0,0,0,3,4,0.53,0.7,2.34,0.59
&p->lock#2:,0,0,0,0,0,0,4,120,0.12,0.98,21.43,0.18
&ei->i_raw_lock:,0,0,0,0,0,0,41,202,0.3,3.81,125.27,0.62
(&journal->j_commit_timer):,0,0,0,0,0,0,0,13,0.11,17.72,61.6,4.74
&transaction->t_handle_lock:,0,0,0,0,0,0,7,9,0.39,1.28,6.11,0.68
&journal->j_wait_transaction_locked:,0,0,0,0,0,0,4,9,0.26,1.02,4.12,0.46
&sbi->s_md_lock:,0,0,0,0,0,0,9,27,0.12,0.9,7.56,0.28
&journal->j_fc_wait:,0,0,0,0,0,0,4,9,0.39,0.56,4.51,0.5
&journal->j_history_lock:,0,0,0,0,0,0,4,9,0.22,0.87,3.46,0.38
&sbi->s_orphan_lock:,0,0,0,0,0,0,5,14,0.48,2.51,14.1,1.01
&ei->i_prealloc_lock:,0,0,0,0,0,0,19,37,0.15,1.58,12.43,0.34
&sbi->s_writepages_rwsem-R:,0,0,0,0,0,0,0,34,0.19,2615.87,4497.16,132.27
(work_completion)(&cgrp->bpf.release_:,0,0,0,0,0,0,0,2,5.92,7.97,13.89,6.95
(wq_completion)cgroup_destroy:,0,0,0,0,0,0,0,4,1.69,171.13,313.51,78.38
(work_completion)(&css->destroy_wor#2:,0,0,0,0,0,0,0,2,1.37,93.98,95.35,47.68
(work_completion)(&(&css->destroy_rwo:,0,0,0,0,0,0,0,2,46,170.25,216.25,108.13
&cgrp->pidlist_mutex:,0,0,0,0,0,0,2,2,0.15,0.58,0.73,0.37
(wq_completion)cgroup_pidlist_destroy:,0,0,0,0,0,0,0,2,0.12,0.7,0.82,0.41
cgroup_rstat_lock:,0,0,0,0,0,0,0,2,74.85,89.7,164.55,82.28
sb_pagefaults-R:,0,0,0,0,0,0,0,53,2.46,44.6,266.24,5.02
key#1:,0,0,0,0,0,0,6,11,0.36,0.97,5.92,0.54
key#1:,0,0,0,0,0,0,9,36,0.31,1.95,30.67,0.85
key#1:,0,0,0,0,0,0,13,16,0.18,1.96,18.71,1.17
&ei->i_completed_io_lock:,0,0,0,0,0,0,22,26,0.18,21.41,212.01,8.15
&rq_wait->wait:,0,0,0,0,0,0,4,22,0.21,10.85,74.57,3.39
(wq_completion)ext4-rsv-conversion:,0,0,0,0,0,0,0,13,11.96,86.41,543.08,41.78
(work_completion)(&ei->i_rsv_conversi:,0,0,0,0,0,0,0,13,11.73,85.41,535.28,41.18
&journal->j_wait_reserved:,0,0,0,0,0,0,5,13,0.17,0.77,6.39,0.49
&ext4__ioend_wq[i]:,0,0,0,0,0,0,9,13,0.17,0.74,5.23,0.4
&dev->mode_config.idr_mutex:,0,0,0,0,0,0,928,4597,0.17,20.05,3851.73,0.84
crtc_ww_class_acquire:,0,0,0,0,0,0,0,2194,16.17,5010.58,338132.19,154.12
&wq:,0,0,0,0,0,0,0,145,0.14,1.2,50.54,0.35
&dev->vbl_lock:,0,0,0,0,0,0,165,1135,0.15,1.4,377.5,0.33
&dev_priv->waiter_lock:,0,0,0,0,0,0,1985,3854,1.18,39.88,10798.38,2.8
&glob->lock:,0,0,0,0,0,0,3262,38841,0.1,50.72,11464.61,0.3
&mgr->vm_lock-W:,0,0,0,0,0,0,1,4,1.24,4.09,9.78,2.45
&mgr->vm_lock-R:,0,0,0,0,0,0,0,2,0.96,3.31,4.27,2.14
&man->cur_mutex:,0,0,0,0,0,0,4444,13358,0.24,263.91,156652.75,11.73
key#2:,0,0,0,0,0,0,8,8,0.47,1.01,4.98,0.62
&ei->i_mmap_sem-W:,0,0,0,0,0,0,2,2,37.01,148.17,185.18,92.59
&ei->i_mmap_sem-R:,0,0,0,0,0,0,18,77,0.61,27.33,229.45,2.98
&dev->mode_config.mutex:,0,0,0,0,0,0,3270,4490,0.3,15.84,5147.44,1.15
&dev_priv->resource_lock:,0,0,0,0,0,0,3952,217234,0.11,70.8,37791.79,0.17
&dev->mode_config.fb_lock:,0,0,0,0,0,0,17,89,0.14,1.19,34.63,0.39
&dev->mode_config.blob_lock:,0,0,0,0,0,0,166,2270,0.17,47.93,1103.48,0.49
&crtc->commit_lock:,0,0,0,0,0,0,926,6573,0.13,20.07,1821.88,0.28
&xa->xa_lock#7:,0,0,0,0,0,0,1,2,0.32,1.18,1.5,0.75
&gman->lock:,0,0,0,0,0,0,1,2,0.18,0.35,0.53,0.27
&dev_priv->binding_mutex:,0,0,0,0,0,0,3262,11344,0.12,74.55,23490.79,2.07
&____s->seqcount#5-W:,0,0,0,0,0,0,0,99428,0.08,52.65,9935.59,0.1
&____s->seqcount#5-R:,0,0,0,0,0,0,0,8,0.11,0.48,1.79,0.22
&fman->goal_irq_mutex:,0,0,0,0,0,0,782,3396,0.35,56.53,19417.36,5.72
&x->wait#2:,0,0,0,0,0,0,3799,21973,0.12,31.26,5135.73,0.23
&dev_priv->fence_queue:,0,0,0,0,0,0,0,1240,0.18,11.02,643.7,0.52
&desc->wait_for_threads:,0,0,0,0,0,0,0,1240,0.13,10.55,355.38,0.29
(work_completion)(&fman->work):,0,0,0,0,0,0,0,1134,0.57,54.01,6543.88,5.77
&man->idle_queue:,0,0,0,0,0,0,2621,9159,0.16,30.25,3520.55,0.38
dup_mmap_sem-R:,0,0,0,0,0,0,0,4,244.3,775.34,1983.09,495.77
vmci_dev_spinlock:,0,0,0,0,0,0,6,9,27.37,924,1351.66,150.18
&dev->event_lock#2:,0,0,0,0,0,0,0,7932,0.12,154.45,30352.32,3.83
&ei->xattr_sem-R:,0,0,0,0,0,0,3,8,0.46,5.22,9.2,1.15
(wq_completion)events_freezable:,0,0,0,0,0,0,0,85,4.54,20.22,516.79,6.08
(work_completion)(&(&balloon.dwork)->:,0,0,0,0,0,0,0,85,3.74,19.54,451.55,5.31
&balloon.conf_sem-R:,0,0,0,0,0,0,0,85,2.12,4.29,261.39,3.08
(&dom->period_timer):,0,0,0,0,0,0,0,24,2.03,5.44,88.36,3.68
&p->sequence-W:,0,0,0,0,0,0,0,21,0.19,0.89,6.66,0.32
&p->sequence-R:,0,0,0,0,0,0,0,17,0.36,1,10.31,0.61
&(&balloon.dwork)->timer:,0,0,0,0,0,0,0,84,4.79,21.6,667.12,7.94
&(&ev->dwork)->timer:,0,0,0,0,0,0,0,42,5.81,33.91,718.45,17.11
&undo_list->lock:,0,0,0,0,0,0,1,1,0.63,0.63,0.63,0.63
&meta_group_info[i]->alloc_sem-R:,0,0,0,0,0,0,4,4,0.73,1.45,3.87,0.97
&(ei->i_block_reservation_lock):,0,0,0,0,0,0,7,23,0.21,0.97,10.12,0.44
&sb->s_type->i_mutex_key#1/4:,0,0,0,0,0,0,2,4,0.13,48.13,66.88,16.72
eventfd_ida.xa_lock:,0,0,0,0,0,0,1,4,0.13,0.83,1.27,0.32
&ctx->wqh#2:,0,0,0,0,0,0,834,30157,0.1,111.33,8278.43,0.27
sk_lock-AF_INET:,0,0,0,0,0,0,0,7211295,0.26,4886.58,62374490.85,8.65
&____s->seqcount#7-R:,0,0,0,0,0,0,0,900,0.06,0.81,78.95,0.09
&n->lock-W:,0,0,0,0,0,0,0,2,1.2,2.43,3.63,1.82
&n->lock-R:,0,0,0,0,0,0,0,1,2,2,2,2
&____s->seqcount#8-R:,0,0,0,0,0,0,0,1,0.34,0.34,0.34,0.34
&list->lock#3:,0,0,0,0,0,0,3,11388843,0.12,138.57,2309087.03,0.2
&____s->seqcount#9-R:,0,0,0,0,0,0,0,3800861,0.06,119.12,361839.22,0.1
(&cb->timer):,0,0,0,0,0,0,0,78,2.21,8.82,364.83,4.68
&lg->lg_mutex:,0,0,0,0,0,0,0,4,11.52,15.3,56.42,14.11
&pa->pa_lock:,0,0,0,0,0,0,0,12,0.17,0.81,4.48,0.37
&lg->lg_prealloc_lock:,0,0,0,0,0,0,0,8,0.17,0.36,1.76,0.22
&pl->lock:,0,0,0,0,0,0,13,15,1.6,19.92,50.08,3.34
kn->active#1-R:,0,0,0,0,0,0,0,8,0.69,6.9,28.23,3.53
vsock_table_lock:,0,0,0,0,0,0,0,9,0.73,1.3,8.37,0.93
slock-AF_VSOCK:,0,0,0,0,0,0,22,77,0.07,32.6,171.87,2.23
sk_lock-AF_VSOCK:,0,0,0,0,0,0,0,34,1.19,935.98,1579.91,46.47
*(sspp++)-R:,0,0,0,0,0,0,0,22722,0.06,39.72,2989.53,0.13
&tfile->lock:,0,0,0,0,0,0,316,11617,0.11,16.9,5539.58,0.48
&client->buffer_lock:,0,0,0,0,0,0,1433,4629,0.1,15.4,1458.8,0.32
&client->wait:,0,0,0,0,0,0,18,1098,0.09,149.48,22380.91,20.38
&(&wb->dwork)->timer:,0,0,0,0,0,0,0,17,8.34,26.91,277.33,16.31
(wq_completion)writeback:,0,0,0,0,0,0,0,17,20.56,4091.65,8971.91,527.76
(work_completion)(&(&wb->dwork)->work:,0,0,0,0,0,0,0,17,19.79,4090.41,8955.98,526.82
dev->qdisc_running_key ?: &qdisc_runn:,0,0,0,0,0,0,0,17,1.05,2.72,23.78,1.4
&dev->tx_global_lock:,0,0,0,0,0,0,0,17,3.02,6.04,76.78,4.52
&sch->q.lock:,0,0,0,0,0,0,1,17,1.68,3.71,37.02,2.18
&(&adapter->watchdog_task)->timer:,0,0,0,0,0,0,0,42,1.67,28.73,384.25,9.15
(work_completion)(&(&adapter->watchdo:,0,0,0,0,0,0,0,42,600.61,756.52,26853.47,639.37
&adapter->stats_lock:,0,0,0,0,0,0,0,42,595.54,738.96,26273.63,625.56
dev_addr_sem-R:,0,0,0,0,0,0,1,16,0.29,0.85,6.81,0.43
_xmit_ETHER#2:,0,0,0,0,0,0,1,17,0.37,1.42,13.84,0.81
&hashinfo->ehash_locks[i]:,0,0,0,0,0,0,2402,4753,0.12,27.29,1336.1,0.28
clock-AF_INET:,0,0,0,0,0,0,2373,2716,0.13,1.17,920.44,0.34
&tdev->object_lock:,0,0,0,0,0,0,2415,7743,0.13,16.85,10854.26,1.4
&man->space_mutex:,0,0,0,0,0,0,882,1896,0.58,21.26,3390.28,1.79
&man->alloc_queue:,0,0,0,0,0,0,667,1896,0.16,1.18,698.22,0.37
&(&bdev->wq)->timer:,0,0,0,0,0,0,0,1,10.07,10.07,10.07,10.07
(work_completion)(&(&bdev->wq)->work):,0,0,0,0,0,0,0,1,26.11,26.11,26.11,26.11
&dev_priv->cursor_lock:,0,0,0,0,0,0,106,1056,0.14,21.04,708.07,0.67
&(&tbl->gc_work)->timer:,0,0,0,0,0,0,0,10,1.45,25.71,165.4,16.54
(work_completion)(&(&tbl->gc_work)->w:,0,0,0,0,0,0,0,10,1.46,4.3,34.07,3.41
(&dev->watchdog_timer):,0,0,0,0,0,0,0,17,3.89,7.33,94.98,5.59
(&n->timer):,0,0,0,0,0,0,0,2,3.35,18.89,22.24,11.12
&type->s_umount_key#5-R:,0,0,0,0,0,0,0,2,866.5,2326.52,3193.02,1596.51
&pa->pa_lock#2:,0,0,0,0,0,0,0,3,0.35,0.68,1.58,0.53
arch/x86/kernel/check.c:165:,0,0,0,0,0,0,0,2,6.97,7.31,14.28,7.14
(&tw->tw_timer):,0,0,0,0,0,0,0,253,0.72,15.03,292.44,1.16
&tty->winsize_mutex:,0,0,0,0,0,0,9,21,0.15,0.87,9.28,0.44
net/ipv6/addrconf.c:159:,0,0,0,0,0,0,0,1,8.99,8.99,8.99,8.99
(&pool->idle_timer):,0,0,0,0,0,0,0,1,4.99,4.99,4.99,4.99
console_work:,0,0,0,0,0,0,0,8,4.99,7.93,46.44,5.81
timekeeper_lock:,0,0,0,0,0,0,6173,21070,0.22,34.84,28406.96,1.35
&o_tty->termios_rwsem/1-W:,0,0,0,0,0,0,0,4,2.2,3.33,10.85,2.71
&o_tty->termios_rwsem/1-R:,0,0,0,0,0,0,258,387,0.13,526.08,10961.54,28.32
&port->buf.lock/1:,0,0,0,0,0,0,4,4,17.26,30.5,104,26
(work_completion)(&buf->work):,0,0,0,0,0,0,0,16211,0.07,59.86,13256.66,0.82
&port->lock:,0,0,0,0,0,0,256,382,0.39,1.7,302.11,0.79
&ldata->atomic_read_lock:,0,0,0,0,0,0,2,1086,1.47,17.15,3194.68,2.94
key#1:,0,0,0,0,0,0,57,207,0.16,1.17,70.97,0.34
logbuf_lock:,0,0,0,0,0,0,2,70,0.18,995.25,2029.24,28.99
mmlist_lock:,0,0,0,0,0,0,4,4,0.47,1.13,2.67,0.67
key#1:,0,0,0,0,0,0,34,42,0.26,0.8,19.59,0.47
kn->active#3-R:,0,0,0,0,0,0,0,2,3,6.31,9.31,4.66
(&req->rsk_timer):,0,0,0,0,0,0,0,900,0.09,0.89,122.83,0.14
(console_sem).lock:,0,0,0,0,0,0,0,16,0.14,0.81,5.02,0.31
cgroup_mutex:,0,0,0,0,0,0,5,11,0.88,92.68,250.67,22.79
